packet_no,timestamp_sec,timestamp_usec,src_ip,dst_ip,src_port,dst_port,protocol,packet_len,ttl,tcp_flags,icmp_type,icmp_code
4,1773234296,53377,192.168.100.43,224.0.0.251,5353,5353,UDP,160,255,NONE,-1,-1
49,1773234296,326574,192.168.100.43,224.0.0.22,0,0,OTHER,54,1,NONE,-1,-1
50,1773234296,365723,192.168.100.42,192.168.100.255,6537,6537,UDP,272,64,NONE,-1,-1
51,1773234296,442236,155.133.229.4,192.168.100.37,27019,49776,TCP,258,54,PSH|ACK,-1,-1
52,1773234296,490692,192.168.100.37,155.133.229.4,49776,27019,TCP,54,128,ACK,-1,-1
53,1773234296,607578,192.168.100.37,13.107.137.11,64482,443,TCP,66,128,SYN,-1,-1
54,1773234296,645695,192.168.100.42,192.168.100.255,6537,6537,UDP,272,64,NONE,-1,-1
55,1773234296,670869,13.107.137.11,192.168.100.37,443,64482,TCP,66,116,SYN|ACK,-1,-1
56,1773234296,671012,192.168.100.37,13.107.137.11,64482,443,TCP,54,128,ACK,-1,-1
57,1773234296,673960,192.168.100.37,13.107.137.11,64482,443,TCP,982,128,PSH|ACK,-1,-1
58,1773234296,737089,13.107.137.11,192.168.100.37,443,64482,TCP,54,117,ACK,-1,-1
59,1773234296,739776,13.107.137.11,192.168.100.37,443,64482,TCP,8286,117,ACK,-1,-1
60,1773234296,739776,13.107.137.11,192.168.100.37,443,64482,TCP,69,117,PSH|ACK,-1,-1
61,1773234296,739874,192.168.100.37,13.107.137.11,64482,443,TCP,54,128,ACK,-1,-1
62,1773234296,744611,192.168.100.37,13.107.137.11,64482,443,TCP,134,128,PSH|ACK,-1,-1
63,1773234296,745317,192.168.100.37,13.107.137.11,64482,443,TCP,1426,128,ACK,-1,-1
64,1773234296,745317,192.168.100.37,13.107.137.11,64482,443,TCP,1371,128,PSH|ACK,-1,-1
65,1773234296,745441,192.168.100.37,13.107.137.11,64482,443,TCP,1341,128,PSH|ACK,-1,-1
66,1773234296,809423,13.107.137.11,192.168.100.37,443,64482,TCP,54,117,ACK,-1,-1
67,1773234296,809423,13.107.137.11,192.168.100.37,443,64482,TCP,513,117,PSH|ACK,-1,-1
68,1773234296,809423,13.107.137.11,192.168.100.37,443,64482,TCP,54,117,ACK,-1,-1
69,1773234296,809423,13.107.137.11,192.168.100.37,443,64482,TCP,54,117,ACK,-1,-1
70,1773234296,809423,13.107.137.11,192.168.100.37,443,64482,TCP,54,117,ACK,-1,-1
71,1773234296,856217,192.168.100.37,13.107.137.11,64482,443,TCP,54,128,ACK,-1,-1
74,1773234297,371066,13.107.137.11,192.168.100.37,443,64482,TCP,2798,117,ACK,-1,-1
75,1773234297,371066,13.107.137.11,192.168.100.37,443,64482,TCP,248,117,PSH|ACK,-1,-1
76,1773234297,371166,192.168.100.37,13.107.137.11,64482,443,TCP,54,128,ACK,-1,-1
77,1773234297,428850,192.168.100.37,52.104.152.39,64466,443,TCP,54,128,FIN|ACK,-1,-1
78,1773234297,429481,192.168.100.37,52.104.152.39,64483,443,TCP,66,128,SYN,-1,-1
79,1773234297,491339,155.133.229.4,192.168.100.37,27019,49776,TCP,246,54,PSH|ACK,-1,-1
80,1773234297,538450,192.168.100.37,155.133.229.4,49776,27019,TCP,54,128,ACK,-1,-1
81,1773234297,616704,52.104.152.39,192.168.100.37,443,64466,TCP,54,104,FIN|ACK,-1,-1
82,1773234297,616704,52.104.152.39,192.168.100.37,443,64483,TCP,66,103,SYN|ACK,-1,-1
83,1773234297,616784,192.168.100.37,52.104.152.39,64466,443,TCP,54,128,ACK,-1,-1
84,1773234297,616918,192.168.100.37,52.104.152.39,64483,443,TCP,54,128,ACK,-1,-1
85,1773234297,620020,192.168.100.37,52.104.152.39,64483,443,TCP,629,128,PSH|ACK,-1,-1
86,1773234297,775152,52.104.152.39,192.168.100.37,443,64483,TCP,1426,105,ACK,-1,-1
87,1773234297,775152,52.104.152.39,192.168.100.37,443,64483,TCP,1426,105,ACK,-1,-1
88,1773234297,775152,52.104.152.39,192.168.100.37,443,64483,TCP,1426,105,ACK,-1,-1
89,1773234297,775152,52.104.152.39,192.168.100.37,443,64483,TCP,1426,105,ACK,-1,-1
90,1773234297,775152,52.104.152.39,192.168.100.37,443,64483,TCP,634,105,PSH|ACK,-1,-1
91,1773234297,775383,192.168.100.37,52.104.152.39,64483,443,TCP,54,128,ACK,-1,-1
92,1773234297,779763,192.168.100.37,52.104.152.39,64483,443,TCP,134,128,PSH|ACK,-1,-1
93,1773234297,779935,192.168.100.37,52.104.152.39,64483,443,TCP,1426,128,ACK,-1,-1
94,1773234297,779935,192.168.100.37,52.104.152.39,64483,443,TCP,1403,128,PSH|ACK,-1,-1
95,1773234297,800687,192.168.100.37,192.168.100.42,64297,8009,TCP,164,128,PSH|ACK,-1,-1
96,1773234297,807780,192.168.100.42,192.168.100.37,8009,64297,TCP,164,64,PSH|ACK,-1,-1
97,1773234297,847824,192.168.100.37,192.168.100.42,64297,8009,TCP,54,128,ACK,-1,-1
98,1773234297,894658,192.168.100.37,155.133.229.4,49776,27019,TCP,108,128,PSH|ACK,-1,-1
99,1773234297,929350,52.104.152.39,192.168.100.37,443,64483,TCP,157,105,PSH|ACK,-1,-1
100,1773234297,929350,52.104.152.39,192.168.100.37,443,64483,TCP,54,105,ACK,-1,-1
101,1773234297,929350,155.133.229.4,192.168.100.37,27019,49776,TCP,54,54,ACK,-1,-1
102,1773234297,973942,192.168.100.37,52.104.152.39,64483,443,TCP,54,128,ACK,-1,-1
103,1773234298,34784,52.104.152.39,192.168.100.37,443,64483,TCP,1426,105,ACK,-1,-1
104,1773234298,34784,52.104.152.39,192.168.100.37,443,64483,TCP,1426,105,ACK,-1,-1
105,1773234298,34784,52.104.152.39,192.168.100.37,443,64483,TCP,1426,105,ACK,-1,-1
106,1773234298,34784,52.104.152.39,192.168.100.37,443,64483,TCP,1426,105,ACK,-1,-1
107,1773234298,34784,52.104.152.39,192.168.100.37,443,64483,TCP,1390,105,PSH|ACK,-1,-1
108,1773234298,34889,192.168.100.37,52.104.152.39,64483,443,TCP,54,128,ACK,-1,-1
118,1773234298,200466,192.168.100.37,13.107.137.11,64482,443,TCP,1426,128,ACK,-1,-1
119,1773234298,200466,192.168.100.37,13.107.137.11,64482,443,TCP,1371,128,PSH|ACK,-1,-1
120,1773234298,200926,192.168.100.37,13.107.137.11,64482,443,TCP,1426,128,ACK,-1,-1
121,1773234298,200926,192.168.100.37,13.107.137.11,64482,443,TCP,1426,128,ACK,-1,-1
122,1773234298,200926,192.168.100.37,13.107.137.11,64482,443,TCP,1426,128,ACK,-1,-1
123,1773234298,200926,192.168.100.37,13.107.137.11,64482,443,TCP,597,128,PSH|ACK,-1,-1
130,1773234298,263289,13.107.137.11,192.168.100.37,443,64482,TCP,54,116,ACK,-1,-1
131,1773234298,263289,13.107.137.11,192.168.100.37,443,64482,TCP,54,116,ACK,-1,-1
137,1773234298,328069,192.168.100.42,239.255.255.250,56131,1900,UDP,379,2,NONE,-1,-1
156,1773234298,378497,192.168.100.42,239.255.255.250,56131,1900,UDP,388,2,NONE,-1,-1
164,1773234298,428947,192.168.100.42,239.255.255.250,56131,1900,UDP,435,2,NONE,-1,-1
188,1773234298,477681,192.168.100.42,239.255.255.250,56131,1900,UDP,433,2,NONE,-1,-1
196,1773234298,529597,192.168.100.42,239.255.255.250,56131,1900,UDP,445,2,NONE,-1,-1
197,1773234298,581172,192.168.100.42,239.255.255.250,56131,1900,UDP,443,2,NONE,-1,-1
198,1773234298,768945,192.168.100.37,192.168.100.42,65203,8009,TCP,164,128,PSH|ACK,-1,-1
199,1773234298,786768,192.168.100.42,192.168.100.37,8009,65203,TCP,164,64,PSH|ACK,-1,-1
200,1773234298,830655,192.168.100.42,239.255.255.250,56131,1900,UDP,379,2,NONE,-1,-1
201,1773234298,832742,192.168.100.37,192.168.100.42,65203,8009,TCP,54,128,ACK,-1,-1
202,1773234298,881056,192.168.100.42,239.255.255.250,56131,1900,UDP,388,2,NONE,-1,-1
203,1773234298,931249,192.168.100.42,239.255.255.250,56131,1900,UDP,435,2,NONE,-1,-1
204,1773234298,976091,13.107.137.11,192.168.100.37,443,64482,TCP,2798,116,ACK,-1,-1
205,1773234298,976091,13.107.137.11,192.168.100.37,443,64482,TCP,248,116,PSH|ACK,-1,-1
206,1773234298,976203,192.168.100.37,13.107.137.11,64482,443,TCP,54,128,ACK,-1,-1
207,1773234298,982521,192.168.100.42,239.255.255.250,56131,1900,UDP,433,2,NONE,-1,-1
208,1773234299,35418,192.168.100.42,239.255.255.250,56131,1900,UDP,445,2,NONE,-1,-1
209,1773234299,50223,192.168.100.37,52.104.152.39,64483,443,TCP,1426,128,ACK,-1,-1
210,1773234299,50223,192.168.100.37,52.104.152.39,64483,443,TCP,1401,128,PSH|ACK,-1,-1
211,1773234299,88656,192.168.100.42,239.255.255.250,56131,1900,UDP,443,2,NONE,-1,-1
212,1773234299,210722,52.104.152.39,192.168.100.37,443,64483,TCP,54,105,ACK,-1,-1
213,1773234299,254959,52.104.152.39,192.168.100.37,443,64483,TCP,1426,105,ACK,-1,-1
214,1773234299,254959,52.104.152.39,192.168.100.37,443,64483,TCP,1426,105,ACK,-1,-1
215,1773234299,255051,192.168.100.37,52.104.152.39,64483,443,TCP,54,128,ACK,-1,-1
216,1773234299,259914,52.104.152.39,192.168.100.37,443,64483,TCP,1426,105,ACK,-1,-1
217,1773234299,310235,192.168.100.37,52.104.152.39,64483,443,TCP,54,128,ACK,-1,-1
218,1773234299,864548,52.104.152.39,192.168.100.37,443,64483,TCP,923,105,PSH|ACK,-1,-1
219,1773234299,864622,52.104.152.39,192.168.100.37,443,64483,TCP,923,104,PSH|ACK,-1,-1
220,1773234299,864651,192.168.100.37,52.104.152.39,64483,443,TCP,66,128,ACK,-1,-1
221,1773234300,24366,192.168.100.37,13.107.137.11,64482,443,TCP,1426,128,ACK,-1,-1
222,1773234300,24366,192.168.100.37,13.107.137.11,64482,443,TCP,1371,128,PSH|ACK,-1,-1
223,1773234300,24757,192.168.100.37,13.107.137.11,64482,443,TCP,1426,128,ACK,-1,-1
224,1773234300,24757,192.168.100.37,13.107.137.11,64482,443,TCP,1426,128,ACK,-1,-1
225,1773234300,24757,192.168.100.37,13.107.137.11,64482,443,TCP,1426,128,ACK,-1,-1
226,1773234300,24757,192.168.100.37,13.107.137.11,64482,443,TCP,1426,128,ACK,-1,-1
227,1773234300,24757,192.168.100.37,13.107.137.11,64482,443,TCP,1426,128,ACK,-1,-1
228,1773234300,24757,192.168.100.37,13.107.137.11,64482,443,TCP,1426,128,ACK,-1,-1
229,1773234300,24757,192.168.100.37,13.107.137.11,64482,443,TCP,841,128,PSH|ACK,-1,-1
230,1773234300,88228,13.107.137.11,192.168.100.37,443,64482,TCP,54,116,ACK,-1,-1
231,1773234300,88228,13.107.137.11,192.168.100.37,443,64482,TCP,54,116,ACK,-1,-1
232,1773234300,88228,13.107.137.11,192.168.100.37,443,64482,TCP,54,116,ACK,-1,-1
233,1773234300,88228,13.107.137.11,192.168.100.37,443,64482,TCP,54,116,ACK,-1,-1
234,1773234300,88228,13.107.137.11,192.168.100.37,443,64482,TCP,54,116,ACK,-1,-1
235,1773234300,88228,13.107.137.11,192.168.100.37,443,64482,TCP,54,116,ACK,-1,-1
236,1773234300,553410,13.107.137.11,192.168.100.37,443,64482,TCP,2798,116,ACK,-1,-1
237,1773234300,553410,13.107.137.11,192.168.100.37,443,64482,TCP,249,116,PSH|ACK,-1,-1
238,1773234300,553495,192.168.100.37,13.107.137.11,64482,443,TCP,54,128,ACK,-1,-1
239,1773234300,603036,192.168.100.37,52.104.152.39,64483,443,TCP,1426,128,ACK,-1,-1
240,1773234300,603036,192.168.100.37,52.104.152.39,64483,443,TCP,1404,128,PSH|ACK,-1,-1
241,1773234300,753450,52.104.152.39,192.168.100.37,443,64483,TCP,54,105,ACK,-1,-1
242,1773234300,801636,52.104.152.39,192.168.100.37,443,64483,TCP,4170,105,ACK,-1,-1
243,1773234300,801636,52.104.152.39,192.168.100.37,443,64483,TCP,923,105,PSH|ACK,-1,-1
244,1773234300,801740,192.168.100.37,52.104.152.39,64483,443,TCP,54,128,ACK,-1,-1
245,1773234301,457758,192.168.100.37,13.107.137.11,64482,443,TCP,1426,128,ACK,-1,-1
246,1773234301,457758,192.168.100.37,13.107.137.11,64482,443,TCP,1372,128,PSH|ACK,-1,-1
247,1773234301,457952,192.168.100.37,13.107.137.11,64482,443,TCP,1426,128,ACK,-1,-1
248,1773234301,457952,192.168.100.37,13.107.137.11,64482,443,TCP,1426,128,ACK,-1,-1
249,1773234301,457952,192.168.100.37,13.107.137.11,64482,443,TCP,1426,128,ACK,-1,-1
250,1773234301,457952,192.168.100.37,13.107.137.11,64482,443,TCP,1426,128,ACK,-1,-1
251,1773234301,457952,192.168.100.37,13.107.137.11,64482,443,TCP,1426,128,ACK,-1,-1
252,1773234301,457952,192.168.100.37,13.107.137.11,64482,443,TCP,1426,128,ACK,-1,-1
253,1773234301,457952,192.168.100.37,13.107.137.11,64482,443,TCP,1426,128,ACK,-1,-1
254,1773234301,457952,192.168.100.37,13.107.137.11,64482,443,TCP,1066,128,PSH|ACK,-1,-1
255,1773234301,543338,13.107.137.11,192.168.100.37,443,64482,TCP,54,116,ACK,-1,-1
256,1773234301,543338,13.107.137.11,192.168.100.37,443,64482,TCP,54,116,ACK,-1,-1
257,1773234301,627994,192.168.100.37,54.210.126.163,49705,443,TCP,55,128,ACK,-1,-1
258,1773234301,663631,192.168.100.42,192.168.100.255,6537,6537,UDP,272,64,NONE,-1,-1
259,1773234301,767065,54.210.126.163,192.168.100.37,443,49705,TCP,54,247,RST,-1,-1
260,1773234301,978666,192.168.100.42,192.168.100.255,6537,6537,UDP,272,64,NONE,-1,-1
261,1773234302,98143,13.107.137.11,192.168.100.37,443,64482,TCP,1426,116,ACK,-1,-1
262,1773234302,98143,13.107.137.11,192.168.100.37,443,64482,TCP,1426,116,ACK,-1,-1
263,1773234302,98143,13.107.137.11,192.168.100.37,443,64482,TCP,248,116,PSH|ACK,-1,-1
264,1773234302,98226,192.168.100.37,13.107.137.11,64482,443,TCP,54,128,ACK,-1,-1
265,1773234302,133422,192.168.100.42,239.255.255.250,59757,1900,UDP,379,2,NONE,-1,-1
266,1773234302,144693,13.107.137.11,192.168.100.37,443,64482,TCP,1426,115,PSH|ACK,-1,-1
267,1773234302,144741,192.168.100.37,13.107.137.11,64482,443,TCP,66,128,ACK,-1,-1
268,1773234302,152892,192.168.100.37,52.104.152.39,64483,443,TCP,1426,128,ACK,-1,-1
269,1773234302,152892,192.168.100.37,52.104.152.39,64483,443,TCP,1401,128,PSH|ACK,-1,-1
270,1773234302,183579,192.168.100.42,239.255.255.250,59757,1900,UDP,388,2,NONE,-1,-1
271,1773234302,234021,192.168.100.42,239.255.255.250,59757,1900,UDP,435,2,NONE,-1,-1
272,1773234302,284390,192.168.100.42,239.255.255.250,59757,1900,UDP,433,2,NONE,-1,-1
273,1773234302,303026,52.104.152.39,192.168.100.37,443,64483,TCP,54,105,ACK,-1,-1
274,1773234302,334801,192.168.100.42,239.255.255.250,59757,1900,UDP,445,2,NONE,-1,-1
275,1773234302,388564,52.104.152.39,192.168.100.37,443,64483,TCP,4170,105,ACK,-1,-1
276,1773234302,388564,52.104.152.39,192.168.100.37,443,64483,TCP,923,105,PSH|ACK,-1,-1
277,1773234302,388564,192.168.100.42,239.255.255.250,59757,1900,UDP,443,2,NONE,-1,-1
278,1773234302,388708,192.168.100.37,52.104.152.39,64483,443,TCP,54,128,ACK,-1,-1
279,1773234302,636246,192.168.100.42,239.255.255.250,59757,1900,UDP,379,2,NONE,-1,-1
280,1773234302,808185,192.168.100.42,239.255.255.250,59757,1900,UDP,388,2,NONE,-1,-1
281,1773234302,808185,192.168.100.42,239.255.255.250,59757,1900,UDP,435,2,NONE,-1,-1
282,1773234302,808185,192.168.100.42,239.255.255.250,59757,1900,UDP,433,2,NONE,-1,-1
283,1773234302,820348,192.168.100.37,192.168.100.42,64297,8009,TCP,164,128,PSH|ACK,-1,-1
284,1773234302,828322,192.168.100.42,192.168.100.37,8009,64297,TCP,164,64,PSH|ACK,-1,-1
285,1773234302,837321,192.168.100.42,239.255.255.250,59757,1900,UDP,445,2,NONE,-1,-1
286,1773234302,867994,192.168.100.37,192.168.100.42,64297,8009,TCP,54,128,ACK,-1,-1
287,1773234302,889804,192.168.100.42,239.255.255.250,59757,1900,UDP,443,2,NONE,-1,-1
288,1773234303,799247,192.168.100.37,192.168.100.42,65203,8009,TCP,164,128,PSH|ACK,-1,-1
289,1773234303,826704,192.168.100.42,192.168.100.37,8009,65203,TCP,164,64,PSH|ACK,-1,-1
290,1773234303,872217,192.168.100.37,192.168.100.42,65203,8009,TCP,54,128,ACK,-1,-1
320,1773234305,65844,192.168.100.43,224.0.0.251,5353,5353,UDP,160,255,NONE,-1,-1
325,1773234305,975857,192.168.100.42,239.255.255.250,34399,1900,UDP,379,2,NONE,-1,-1
326,1773234305,992780,192.168.100.42,239.255.255.250,34399,1900,UDP,388,2,NONE,-1,-1
327,1773234306,42019,192.168.100.42,239.255.255.250,34399,1900,UDP,435,2,NONE,-1,-1
328,1773234306,92216,192.168.100.42,239.255.255.250,34399,1900,UDP,433,2,NONE,-1,-1
329,1773234306,144494,192.168.100.42,239.255.255.250,34399,1900,UDP,445,2,NONE,-1,-1
330,1773234306,193302,192.168.100.42,239.255.255.250,34399,1900,UDP,443,2,NONE,-1,-1
331,1773234306,498403,192.168.100.42,239.255.255.250,34399,1900,UDP,379,2,NONE,-1,-1
332,1773234306,498403,192.168.100.42,239.255.255.250,34399,1900,UDP,388,2,NONE,-1,-1
333,1773234306,662386,192.168.100.42,239.255.255.250,34399,1900,UDP,435,2,NONE,-1,-1
334,1773234306,662386,192.168.100.42,239.255.255.250,34399,1900,UDP,433,2,NONE,-1,-1
335,1773234306,662386,192.168.100.42,239.255.255.250,34399,1900,UDP,445,2,NONE,-1,-1
336,1773234306,695880,192.168.100.42,239.255.255.250,34399,1900,UDP,443,2,NONE,-1,-1
337,1773234306,784398,192.168.100.42,192.168.100.255,6537,6537,UDP,272,64,NONE,-1,-1
338,1773234306,988798,192.168.100.42,192.168.100.255,6537,6537,UDP,272,64,NONE,-1,-1
339,1773234307,731854,192.168.100.40,192.168.100.255,57621,57621,UDP,86,64,NONE,-1,-1
342,1773234307,732162,192.168.100.40,224.0.0.251,5353,5353,UDP,336,255,NONE,-1,-1
343,1773234307,732162,192.168.100.40,224.0.0.251,5353,5353,UDP,87,255,NONE,-1,-1
344,1773234307,732162,192.168.100.40,224.0.0.251,5353,5353,UDP,426,255,NONE,-1,-1
348,1773234307,732162,192.168.100.40,239.255.255.250,50112,1900,UDP,167,255,NONE,-1,-1
354,1773234307,832143,192.168.100.37,192.168.100.42,64297,8009,TCP,164,128,PSH|ACK,-1,-1
355,1773234307,855751,192.168.100.40,224.0.0.251,5353,5353,UDP,294,255,NONE,-1,-1
357,1773234307,880669,192.168.100.42,224.0.0.251,5353,5353,UDP,853,255,NONE,-1,-1
359,1773234307,880669,192.168.100.42,192.168.100.37,8009,64297,TCP,164,64,PSH|ACK,-1,-1
360,1773234307,927195,192.168.100.37,192.168.100.42,64297,8009,TCP,54,128,ACK,-1,-1
361,1773234307,935929,192.168.100.42,224.0.0.251,5353,5353,UDP,123,255,NONE,-1,-1
363,1773234308,105126,192.168.100.40,224.0.0.251,5353,5353,UDP,294,255,NONE,-1,-1
365,1773234308,453370,192.168.100.40,239.255.255.250,57641,1900,UDP,213,1,NONE,-1,-1
366,1773234308,453370,192.168.100.40,224.0.0.251,5353,5353,UDP,336,255,NONE,-1,-1
368,1773234308,453370,192.168.100.40,224.0.0.251,5353,5353,UDP,294,255,NONE,-1,-1
370,1773234308,453370,192.168.100.42,224.0.0.251,5353,5353,UDP,612,255,NONE,-1,-1
372,1773234308,531744,192.168.100.40,224.0.0.251,5353,5353,UDP,548,255,NONE,-1,-1
374,1773234308,631079,192.168.100.42,224.0.0.251,5353,5353,UDP,612,255,NONE,-1,-1
376,1773234308,636953,192.168.100.40,224.0.0.251,5353,5353,UDP,989,255,NONE,-1,-1
379,1773234308,814749,192.168.100.42,224.0.0.251,5353,5353,UDP,853,255,NONE,-1,-1
381,1773234308,830606,192.168.100.37,192.168.100.42,65203,8009,TCP,164,128,PSH|ACK,-1,-1
382,1773234308,838106,192.168.100.42,192.168.100.37,8009,65203,TCP,164,64,PSH|ACK,-1,-1
384,1773234308,882732,192.168.100.42,224.0.0.251,5353,5353,UDP,612,255,NONE,-1,-1
386,1773234308,894001,192.168.100.37,192.168.100.42,65203,8009,TCP,54,128,ACK,-1,-1
387,1773234309,59573,192.168.100.42,224.0.0.251,5353,5353,UDP,106,255,NONE,-1,-1
389,1773234309,86318,192.168.100.42,224.0.0.251,5353,5353,UDP,204,255,NONE,-1,-1
392,1773234309,182315,192.168.100.42,224.0.0.251,5353,5353,UDP,1288,255,NONE,-1,-1
394,1773234309,344951,192.168.100.40,239.255.255.250,57641,1900,UDP,213,1,NONE,-1,-1
396,1773234309,674564,192.168.100.40,224.0.0.251,5353,5353,UDP,989,255,NONE,-1,-1
398,1773234309,749423,192.168.100.42,239.255.255.250,47904,1900,UDP,379,2,NONE,-1,-1
399,1773234309,797642,192.168.100.42,239.255.255.250,47904,1900,UDP,388,2,NONE,-1,-1
400,1773234309,848577,192.168.100.42,239.255.255.250,47904,1900,UDP,435,2,NONE,-1,-1
401,1773234309,898682,192.168.100.42,239.255.255.250,47904,1900,UDP,433,2,NONE,-1,-1
402,1773234309,949697,192.168.100.42,239.255.255.250,47904,1900,UDP,445,2,NONE,-1,-1
403,1773234310,3552,192.168.100.42,239.255.255.250,47904,1900,UDP,443,2,NONE,-1,-1
404,1773234310,244667,192.168.100.42,224.0.0.251,5353,5353,UDP,1367,255,NONE,-1,-1
406,1773234310,250049,192.168.100.42,239.255.255.250,47904,1900,UDP,379,2,NONE,-1,-1
407,1773234310,300465,192.168.100.42,239.255.255.250,47904,1900,UDP,388,2,NONE,-1,-1
408,1773234310,344746,192.168.100.40,239.255.255.250,57641,1900,UDP,213,1,NONE,-1,-1
409,1773234310,350892,192.168.100.42,239.255.255.250,47904,1900,UDP,435,2,NONE,-1,-1
410,1773234310,355933,192.168.100.40,224.0.0.251,5353,5353,UDP,336,255,NONE,-1,-1
412,1773234310,401333,192.168.100.42,239.255.255.250,47904,1900,UDP,433,2,NONE,-1,-1
413,1773234310,453542,192.168.100.42,239.255.255.250,47904,1900,UDP,445,2,NONE,-1,-1
414,1773234310,502875,192.168.100.42,239.255.255.250,47904,1900,UDP,443,2,NONE,-1,-1
415,1773234310,900687,192.168.100.42,224.0.0.251,5353,5353,UDP,853,255,NONE,-1,-1
418,1773234311,213656,192.168.100.42,224.0.0.251,5353,5353,UDP,853,255,NONE,-1,-1
420,1773234311,348528,192.168.100.40,239.255.255.250,57641,1900,UDP,213,1,NONE,-1,-1
421,1773234311,429594,192.168.100.42,224.0.0.251,5353,5353,UDP,123,255,NONE,-1,-1
423,1773234311,540106,192.168.100.40,224.0.0.251,5353,5353,UDP,639,255,NONE,-1,-1
425,1773234311,635513,192.168.100.40,224.0.0.251,5353,5353,UDP,989,255,NONE,-1,-1
427,1773234311,714802,192.168.100.40,239.255.255.250,54103,1900,UDP,213,1,NONE,-1,-1
428,1773234311,757160,192.168.100.42,224.0.0.251,5353,5353,UDP,612,255,NONE,-1,-1
430,1773234312,6206,192.168.100.42,192.168.100.255,6537,6537,UDP,272,64,NONE,-1,-1
431,1773234312,135837,192.168.100.42,224.0.0.251,5353,5353,UDP,612,255,NONE,-1,-1
433,1773234312,160387,192.168.100.42,224.0.0.251,5353,5353,UDP,853,255,NONE,-1,-1
435,1773234312,176061,192.168.100.42,192.168.100.255,6537,6537,UDP,272,64,NONE,-1,-1
436,1773234312,258664,192.168.100.42,224.0.0.251,5353,5353,UDP,612,255,NONE,-1,-1
438,1773234312,302090,192.168.100.40,224.0.0.251,5353,5353,UDP,170,255,NONE,-1,-1
440,1773234312,360263,192.168.100.42,224.0.0.251,5353,5353,UDP,106,255,NONE,-1,-1
442,1773234312,448735,192.168.100.1,239.255.255.250,56467,1900,UDP,174,4,NONE,-1,-1
443,1773234312,474823,192.168.100.42,224.0.0.251,5353,5353,UDP,204,255,NONE,-1,-1
445,1773234312,682297,192.168.100.42,224.0.0.251,5353,5353,UDP,1288,255,NONE,-1,-1
447,1773234312,685650,192.168.100.37,52.123.135.27,57760,443,TCP,111,128,PSH|ACK,-1,-1
448,1773234312,710328,192.168.100.1,239.255.255.250,56467,1900,UDP,174,4,NONE,-1,-1
449,1773234312,739907,52.123.135.27,192.168.100.37,443,57760,TCP,100,114,PSH|ACK,-1,-1
450,1773234312,782447,192.168.100.37,52.123.135.27,57760,443,TCP,54,128,ACK,-1,-1
451,1773234312,897509,192.168.100.37,192.168.100.42,64297,8009,TCP,164,128,PSH|ACK,-1,-1
452,1773234312,903744,192.168.100.42,192.168.100.37,8009,64297,TCP,164,64,PSH|ACK,-1,-1
453,1773234312,944887,192.168.100.37,192.168.100.42,64297,8009,TCP,54,128,ACK,-1,-1
454,1773234312,964211,192.168.100.1,239.255.255.250,56467,1900,UDP,175,4,NONE,-1,-1
455,1773234313,259497,192.168.100.1,239.255.255.250,56467,1900,UDP,175,4,NONE,-1,-1
459,1773234313,575614,192.168.100.42,224.0.0.251,5353,5353,UDP,1367,255,NONE,-1,-1
461,1773234313,575614,192.168.100.42,239.255.255.250,59580,1900,UDP,379,2,NONE,-1,-1
462,1773234313,604479,192.168.100.42,239.255.255.250,59580,1900,UDP,388,2,NONE,-1,-1
463,1773234313,654915,192.168.100.42,239.255.255.250,59580,1900,UDP,435,2,NONE,-1,-1
464,1773234313,706176,192.168.100.42,239.255.255.250,59580,1900,UDP,433,2,NONE,-1,-1
465,1773234313,846349,192.168.100.37,192.168.100.42,65203,8009,TCP,164,128,PSH|ACK,-1,-1
467,1773234313,883756,192.168.100.42,239.255.255.250,59580,1900,UDP,445,2,NONE,-1,-1
468,1773234313,883756,192.168.100.42,239.255.255.250,59580,1900,UDP,443,2,NONE,-1,-1
469,1773234313,883756,192.168.100.42,192.168.100.37,8009,65203,TCP,164,64,PSH|ACK,-1,-1
471,1773234313,936901,192.168.100.37,192.168.100.42,65203,8009,TCP,54,128,ACK,-1,-1
472,1773234314,58650,192.168.100.42,239.255.255.250,59580,1900,UDP,379,2,NONE,-1,-1
473,1773234314,106990,192.168.100.42,239.255.255.250,59580,1900,UDP,388,2,NONE,-1,-1
474,1773234314,163064,192.168.100.42,224.0.0.251,5353,5353,UDP,853,255,NONE,-1,-1
476,1773234314,163064,192.168.100.42,239.255.255.250,59580,1900,UDP,435,2,NONE,-1,-1
477,1773234314,212536,192.168.100.42,239.255.255.250,59580,1900,UDP,433,2,NONE,-1,-1
478,1773234314,263381,192.168.100.42,239.255.255.250,59580,1900,UDP,445,2,NONE,-1,-1
479,1773234314,319856,192.168.100.42,239.255.255.250,59580,1900,UDP,443,2,NONE,-1,-1
480,1773234315,404758,192.168.100.42,224.0.0.251,5353,5353,UDP,106,255,NONE,-1,-1
482,1773234315,479211,192.168.100.42,224.0.0.251,5353,5353,UDP,1367,255,NONE,-1,-1
484,1773234316,562311,192.168.100.37,52.182.143.210,64446,443,TCP,54,128,FIN|ACK,-1,-1
485,1773234316,565253,192.168.100.37,52.182.143.210,56746,443,TCP,66,128,SYN,-1,-1
486,1773234316,753299,52.182.143.210,192.168.100.37,443,56746,TCP,66,104,SYN|ACK,-1,-1
487,1773234316,753386,192.168.100.37,52.182.143.210,56746,443,TCP,54,128,ACK,-1,-1
488,1773234316,756823,192.168.100.37,52.182.143.210,56746,443,TCP,613,128,PSH|ACK,-1,-1
489,1773234316,783898,52.182.143.210,192.168.100.37,443,64446,TCP,54,103,FIN|ACK,-1,-1
490,1773234316,783975,192.168.100.37,52.182.143.210,64446,443,TCP,54,128,ACK,-1,-1
491,1773234316,921608,52.182.143.210,192.168.100.37,443,56746,TCP,5542,104,ACK,-1,-1
492,1773234316,921608,52.182.143.210,192.168.100.37,443,56746,TCP,929,104,PSH|ACK,-1,-1
493,1773234316,921743,192.168.100.37,52.182.143.210,56746,443,TCP,54,128,ACK,-1,-1
494,1773234316,923963,192.168.100.37,52.182.143.210,56746,443,TCP,134,128,PSH|ACK,-1,-1
495,1773234316,924124,192.168.100.37,52.182.143.210,56746,443,TCP,1183,128,PSH|ACK,-1,-1
496,1773234316,924162,192.168.100.37,52.182.143.210,56746,443,TCP,1426,128,ACK,-1,-1
497,1773234316,924162,192.168.100.37,52.182.143.210,56746,443,TCP,468,128,PSH|ACK,-1,-1
498,1773234317,86255,52.182.143.210,192.168.100.37,443,56746,TCP,157,104,PSH|ACK,-1,-1
499,1773234317,86255,52.182.143.210,192.168.100.37,443,56746,TCP,54,104,ACK,-1,-1
500,1773234317,86255,52.182.143.210,192.168.100.37,443,56746,TCP,54,104,ACK,-1,-1
501,1773234317,86351,192.168.100.37,52.182.143.210,56746,443,TCP,54,128,ACK,-1,-1
502,1773234317,101135,52.182.143.210,192.168.100.37,443,56746,TCP,499,104,PSH|ACK,-1,-1
503,1773234317,101188,192.168.100.37,52.182.143.210,56746,443,TCP,54,128,ACK,-1,-1
504,1773234317,228692,192.168.100.42,192.168.100.255,6537,6537,UDP,272,64,NONE,-1,-1
505,1773234317,551208,192.168.100.42,192.168.100.255,6537,6537,UDP,272,64,NONE,-1,-1
506,1773234317,551286,192.168.100.42,239.255.255.250,48299,1900,UDP,379,2,NONE,-1,-1
507,1773234317,551286,192.168.100.42,239.255.255.250,48299,1900,UDP,388,2,NONE,-1,-1
508,1773234317,551286,192.168.100.42,239.255.255.250,48299,1900,UDP,435,2,NONE,-1,-1
509,1773234317,551286,192.168.100.42,239.255.255.250,48299,1900,UDP,433,2,NONE,-1,-1
510,1773234317,579714,192.168.100.42,239.255.255.250,48299,1900,UDP,445,2,NONE,-1,-1
511,1773234317,630664,192.168.100.42,239.255.255.250,48299,1900,UDP,443,2,NONE,-1,-1
512,1773234317,881069,192.168.100.42,239.255.255.250,48299,1900,UDP,379,2,NONE,-1,-1
513,1773234317,915487,192.168.100.37,192.168.100.42,64297,8009,TCP,164,128,PSH|ACK,-1,-1
514,1773234317,927506,192.168.100.42,192.168.100.37,8009,64297,TCP,164,64,PSH|ACK,-1,-1
515,1773234317,935320,192.168.100.42,239.255.255.250,48299,1900,UDP,388,2,NONE,-1,-1
516,1773234317,971143,192.168.100.37,192.168.100.42,64297,8009,TCP,54,128,ACK,-1,-1
517,1773234317,981070,192.168.100.42,239.255.255.250,48299,1900,UDP,435,2,NONE,-1,-1
518,1773234318,31768,192.168.100.42,239.255.255.250,48299,1900,UDP,433,2,NONE,-1,-1
519,1773234318,82229,192.168.100.42,239.255.255.250,48299,1900,UDP,445,2,NONE,-1,-1
520,1773234318,132954,192.168.100.42,239.255.255.250,48299,1900,UDP,443,2,NONE,-1,-1
521,1773234318,172913,192.168.100.42,224.0.0.251,5353,5353,UDP,1493,255,NONE,-1,-1
523,1773234318,172913,192.168.100.42,224.0.0.251,5353,5353,UDP,429,255,NONE,-1,-1
525,1773234318,888378,192.168.100.37,192.168.100.42,65203,8009,TCP,164,128,PSH|ACK,-1,-1
526,1773234318,918865,192.168.100.42,192.168.100.37,8009,65203,TCP,164,64,PSH|ACK,-1,-1
527,1773234318,966521,192.168.100.37,192.168.100.42,65203,8009,TCP,54,128,ACK,-1,-1
